{"episode": 100, "avg_return": 150.20349252519276}
{"episode": 200, "avg_return": 125.5259841702742}
{"episode": 300, "avg_return": 270.1477452794261}
{"episode": 400, "avg_return": 214.77412071764212}
{"episode": 500, "avg_return": 186.54237107806426}
{"episode": 600, "avg_return": 199.4581266438785}
{"episode": 700, "avg_return": 210.4650267646508}
{"episode": 800, "avg_return": 246.2111515313852}
{"episode": 900, "avg_return": 190.67883104386647}
{"episode": 1000, "avg_return": 241.26304552088519}
{"episode": 1100, "avg_return": 230.36219064540813}
{"episode": 1200, "avg_return": 221.21107121157533}
{"episode": 1300, "avg_return": 222.06621850290054}
{"episode": 1400, "avg_return": 234.65919608602107}
{"episode": 1500, "avg_return": 213.848633507789}
{"episode": 1600, "avg_return": 208.35044767287255}
{"episode": 1700, "avg_return": 189.17789781835114}
{"episode": 1800, "avg_return": 169.45888650071615}
{"episode": 1900, "avg_return": 229.9470005173006}
{"episode": 2000, "avg_return": 208.4601942645498}
{"episode": 2100, "avg_return": 243.90689900411354}
{"episode": 2200, "avg_return": 216.68675612342744}
