{"episode": 100, "avg_return": 90.74087212496548}
{"episode": 200, "avg_return": 75.30787632373189}
{"episode": 300, "avg_return": 136.80145798352365}
{"episode": 400, "avg_return": 93.76074962484853}
{"episode": 500, "avg_return": 108.49040616975671}
{"episode": 600, "avg_return": 89.85894776345597}
{"episode": 700, "avg_return": 81.00624393788516}
{"episode": 800, "avg_return": 107.72969742805397}
{"episode": 900, "avg_return": 73.8524270826515}
{"episode": 1000, "avg_return": 100.16067438516697}
{"episode": 1100, "avg_return": 100.25429224023705}
{"episode": 1200, "avg_return": 94.28148399556241}
{"episode": 1300, "avg_return": 104.7654847424513}
{"episode": 1400, "avg_return": 106.57116710582757}
{"episode": 1500, "avg_return": 92.21517546737168}
{"episode": 1600, "avg_return": 104.09100898092242}
{"episode": 1700, "avg_return": 90.80039036191337}
{"episode": 1800, "avg_return": 71.21115029793265}
{"episode": 1900, "avg_return": 118.39091896764243}
{"episode": 2000, "avg_return": 87.49469518960356}
{"episode": 2100, "avg_return": 110.69527908011946}
{"episode": 2200, "avg_return": 100.13325427689384}
