{
  "TD3 (Nonlinear)": {
    "mean_profit": 12907.70108321724,
    "mean_revenue": 13055.542759147038,
    "mean_degradation": 147.84167592979568,
    "mean_soc_min": 0.1725589796072907,
    "mean_soc_max": 0.566666666239769,
    "mean_soc_final": 0.1760603767727276,
    "mean_dod_max": 0.2603303900335334,
    "mean_throughput_mwh": 27.091493979762266,
    "mean_cycles": 1.7169698779534788
  },
  "PV+DS3 (Reserve Only)": {
    "mean_profit": 10814.716779831499,
    "mean_revenue": 10814.716779831499,
    "mean_degradation": 0.0,
    "mean_soc_min": 0.5,
    "mean_soc_max": 0.5,
    "mean_soc_final": 0.5,
    "mean_dod_max": 0.0,
    "mean_throughput_mwh": 0.0,
    "mean_cycles": 0.0
  },
  "PV+DA (Heuristic)": {
    "mean_profit": 12510.404374805434,
    "mean_revenue": 12848.305527914526,
    "mean_degradation": 337.9011531090911,
    "mean_soc_min": 0.49678984682572586,
    "mean_soc_max": 0.834474093487137,
    "mean_soc_final": 0.5287834493850444,
    "mean_dod_max": 0.3056906441020926,
    "mean_throughput_mwh": 67.92049700275751,
    "mean_cycles": 3.7235877788465728
  }
}