{
  "TD3 (Nonlinear)": {
    "mean_profit": 12985.432907598492,
    "mean_revenue": 13348.9429737923,
    "mean_degradation": 363.5100661938068,
    "mean_soc_min": 0.5592658066088988,
    "mean_soc_max": 0.8998445958980095,
    "mean_soc_final": 0.5841832720895205,
    "mean_dod_max": 0.31562800692767257,
    "mean_throughput_mwh": 72.54032691281797,
    "mean_cycles": 3.8572948405931133
  },
  "PV+DS3 (Reserve Only)": {
    "mean_profit": 11967.406962524567,
    "mean_revenue": 11967.406962524567,
    "mean_degradation": 0.0,
    "mean_soc_min": 0.5,
    "mean_soc_max": 0.5,
    "mean_soc_final": 0.5,
    "mean_dod_max": 0.0,
    "mean_throughput_mwh": 0.0,
    "mean_cycles": 0.0
  },
  "PV+DA (Heuristic)": {
    "mean_profit": 13590.423907400664,
    "mean_revenue": 13928.325060509756,
    "mean_degradation": 337.9011531090911,
    "mean_soc_min": 0.49678984682572586,
    "mean_soc_max": 0.834474093487137,
    "mean_soc_final": 0.5287834493850444,
    "mean_dod_max": 0.3056906441020926,
    "mean_throughput_mwh": 67.92049700275751,
    "mean_cycles": 3.7235877788465728
  }
}