{
  "TD3 (Nonlinear)": {
    "mean_profit": 8653.755935824993,
    "mean_revenue": 9263.208282667829,
    "mean_degradation": 609.4523468428362,
    "mean_soc_min": 0.5843550337665339,
    "mean_soc_max": 0.8999999999055768,
    "mean_soc_final": 0.8999921320747252,
    "mean_dod_max": 0.3156298674392077,
    "mean_throughput_mwh": 80.26613438371088,
    "mean_cycles": 4.185110081758952
  },
  "PV+DS3 (Reserve Only)": {
    "mean_profit": 10814.716779831499,
    "mean_revenue": 10814.716779831499,
    "mean_degradation": 0.0,
    "mean_soc_min": 0.5,
    "mean_soc_max": 0.5,
    "mean_soc_final": 0.5,
    "mean_dod_max": 0.0,
    "mean_throughput_mwh": 0.0,
    "mean_cycles": 0.0
  },
  "PV+DA (Heuristic)": {
    "mean_profit": 12510.404374805434,
    "mean_revenue": 12848.305527914526,
    "mean_degradation": 337.9011531090911,
    "mean_soc_min": 0.49678984682572586,
    "mean_soc_max": 0.834474093487137,
    "mean_soc_final": 0.5287834493850444,
    "mean_dod_max": 0.3056906441020926,
    "mean_throughput_mwh": 67.92049700275751,
    "mean_cycles": 3.7235877788465728
  },
  "Realistic Trader (Linear Deg)": {
    "mean_profit": 8542.75920706969,
    "mean_revenue": 9126.14965963523,
    "mean_degradation": 583.3904525655395,
    "mean_soc_min": 0.5909721900932726,
    "mean_soc_max": 0.8999999999999487,
    "mean_soc_final": 0.8997377782986211,
    "mean_dod_max": 0.3090278099063967,
    "mean_throughput_mwh": 71.22386221577007,
    "mean_cycles": 3.8863460426236927
  }
}